﻿Summary,Issue key,Issue id,Issue Type,Status,Project key,Project name,Project type,Project lead,Project lead id,Project description,Priority,Resolution,Assignee,Assignee Id,Reporter,Reporter Id,Creator,Creator Id,Created,Updated,Last Viewed,Resolved,Due date,Votes,Description,Environment,Watchers,Watchers,Watchers Id,Watchers Id,Original estimate,Remaining Estimate,Time Spent,Work Ratio,Σ Original Estimate,Σ Remaining Estimate,Σ Time Spent,Security Level,Custom field (Actual end),Custom field (Actual start),Custom field (Change reason),Custom field (Change risk),Custom field (Change type),Custom field (Development),Custom field (Epic Color),Custom field (Epic Name),Custom field (Epic Status),Custom field (Goals),Custom field (Impact),Custom field (Issue color),Custom field (Locked forms),Custom field (Open forms),Custom field (Project overview key),Custom field (Project overview status),Custom field (Rank),Custom field (Request Type),Custom field (Sentiment),Sprint,Custom field (Start date),Custom field (Story Points),Custom field (Story point estimate),Custom field (Submitted forms),Custom field (Target end),Custom field (Target start),Custom field (Team),Custom field (Total forms),Custom field (Vulnerability),Custom field ([CHART] Date of First Response),Custom field ([CHART] Time in Status),Parent,Parent summary,Status Category,Status Category Changed
Implement scheduling conflicts resolution,FMP-14,10072,Task,Done,FMP,FLIGHT MGMT PROJECT,software,Muskan Chauhan,712020:c4a91416-06c8-4734-b4dd-8e3e4488ecd0,,Medium,Done,,,Muskan Chauhan,712020:c4a91416-06c8-4734-b4dd-8e3e4488ecd0,Muskan Chauhan,712020:c4a91416-06c8-4734-b4dd-8e3e4488ecd0,11/Nov/24 6:36 PM,11/Nov/24 7:29 PM,11/Nov/24 7:34 PM,11/Nov/24 7:29 PM,,0,,,Muskan Chauhan,,712020:c4a91416-06c8-4734-b4dd-8e3e4488ecd0,,,,,,,,,,,,,,,,,,,,,purple,,,,,0|i000cj:,,,FMP Sprint 4,,,,,,,,,,,10015_*:*_1_*:*_3187101_*|*_10017_*:*_1_*:*_0,10062,Build flight scheduling feature,Done,11/Nov/24 7:29 PM
Create calendar view for flight schedules,FMP-13,10071,Task,Done,FMP,FLIGHT MGMT PROJECT,software,Muskan Chauhan,712020:c4a91416-06c8-4734-b4dd-8e3e4488ecd0,,Medium,Done,,,Muskan Chauhan,712020:c4a91416-06c8-4734-b4dd-8e3e4488ecd0,Muskan Chauhan,712020:c4a91416-06c8-4734-b4dd-8e3e4488ecd0,11/Nov/24 6:36 PM,11/Nov/24 7:29 PM,11/Nov/24 7:34 PM,11/Nov/24 7:29 PM,,0,,,Muskan Chauhan,,712020:c4a91416-06c8-4734-b4dd-8e3e4488ecd0,,,,,,,,,,,,,,,,,,,,,purple,,,,,0|i000cb:,,,FMP Sprint 4,,,,,,,,,,,10015_*:*_2_*:*_3187416_*|*_10017_*:*_1_*:*_0_*|*_10016_*:*_1_*:*_5231,10062,Build flight scheduling feature,Done,11/Nov/24 7:29 PM
Implement flight plan saving functionality,FMP-12,10070,Task,Done,FMP,FLIGHT MGMT PROJECT,software,Muskan Chauhan,712020:c4a91416-06c8-4734-b4dd-8e3e4488ecd0,,Medium,Done,,,Muskan Chauhan,712020:c4a91416-06c8-4734-b4dd-8e3e4488ecd0,Muskan Chauhan,712020:c4a91416-06c8-4734-b4dd-8e3e4488ecd0,11/Nov/24 6:36 PM,11/Nov/24 7:29 PM,11/Nov/24 7:34 PM,11/Nov/24 7:29 PM,,0,,,Muskan Chauhan,,712020:c4a91416-06c8-4734-b4dd-8e3e4488ecd0,,,,,,,,,,,,,,,,,,,,,purple,,,,,0|i000c3:,,,FMP Sprint 3,,,,,,,,,,,10015_*:*_1_*:*_834388_*|*_10017_*:*_1_*:*_0_*|*_10016_*:*_1_*:*_2357455,10061,Continue developing flight planning module,Done,11/Nov/24 7:29 PM
Develop algorithm for calculating optimal routes,FMP-11,10069,Task,Done,FMP,FLIGHT MGMT PROJECT,software,Muskan Chauhan,712020:c4a91416-06c8-4734-b4dd-8e3e4488ecd0,,Medium,Done,,,Muskan Chauhan,712020:c4a91416-06c8-4734-b4dd-8e3e4488ecd0,Muskan Chauhan,712020:c4a91416-06c8-4734-b4dd-8e3e4488ecd0,11/Nov/24 6:36 PM,11/Nov/24 7:29 PM,11/Nov/24 7:34 PM,11/Nov/24 7:29 PM,,0,,,Muskan Chauhan,,712020:c4a91416-06c8-4734-b4dd-8e3e4488ecd0,,,,,,,,,,,,,,,,,,,,,purple,,,,,0|i000bv:,,,FMP Sprint 3,,,,,,,,,,,10015_*:*_1_*:*_842692_*|*_10017_*:*_1_*:*_0_*|*_10016_*:*_1_*:*_2357542,10061,Continue developing flight planning module,Done,11/Nov/24 7:29 PM
Implement real-time weather data retrieval,FMP-10,10068,Task,Done,FMP,FLIGHT MGMT PROJECT,software,Muskan Chauhan,712020:c4a91416-06c8-4734-b4dd-8e3e4488ecd0,,Medium,Done,,,Muskan Chauhan,712020:c4a91416-06c8-4734-b4dd-8e3e4488ecd0,Muskan Chauhan,712020:c4a91416-06c8-4734-b4dd-8e3e4488ecd0,11/Nov/24 6:36 PM,11/Nov/24 6:50 PM,11/Nov/24 7:34 PM,11/Nov/24 6:50 PM,,0,,,Muskan Chauhan,,712020:c4a91416-06c8-4734-b4dd-8e3e4488ecd0,,,,,,,,,,,,,,,,,,,,,purple,,,,,0|i000bn:,,,FMP Sprint 3,,,,,,,,,,,10015_*:*_1_*:*_852257_*|*_10017_*:*_1_*:*_0,10061,Continue developing flight planning module,Done,11/Nov/24 6:50 PM
Integrate aircraft database for flight planning,FMP-9,10067,Task,Done,FMP,FLIGHT MGMT PROJECT,software,Muskan Chauhan,712020:c4a91416-06c8-4734-b4dd-8e3e4488ecd0,,Medium,Done,,,Muskan Chauhan,712020:c4a91416-06c8-4734-b4dd-8e3e4488ecd0,Muskan Chauhan,712020:c4a91416-06c8-4734-b4dd-8e3e4488ecd0,11/Nov/24 6:35 PM,11/Nov/24 6:50 PM,11/Nov/24 7:34 PM,11/Nov/24 6:50 PM,,0,,,Muskan Chauhan,,712020:c4a91416-06c8-4734-b4dd-8e3e4488ecd0,,,,,,,,,,,,,,,,,,,,,purple,,,,,0|i000bf:,,,FMP Sprint 2,,,,,,,,,,,10015_*:*_1_*:*_856134_*|*_10017_*:*_1_*:*_0,10060,Develop flight planning module,Done,11/Nov/24 6:50 PM
Create input forms for flight details,FMP-8,10066,Task,Done,FMP,FLIGHT MGMT PROJECT,software,Muskan Chauhan,712020:c4a91416-06c8-4734-b4dd-8e3e4488ecd0,,Medium,Done,,,Muskan Chauhan,712020:c4a91416-06c8-4734-b4dd-8e3e4488ecd0,Muskan Chauhan,712020:c4a91416-06c8-4734-b4dd-8e3e4488ecd0,11/Nov/24 6:35 PM,11/Nov/24 6:50 PM,11/Nov/24 7:34 PM,11/Nov/24 6:50 PM,,0,,,Muskan Chauhan,,712020:c4a91416-06c8-4734-b4dd-8e3e4488ecd0,,,,,,,,,,,,,,,,,,,,,purple,,,,,0|i000b7:,,,FMP Sprint 2,,,,,,,,,,,10015_*:*_1_*:*_863520_*|*_10017_*:*_1_*:*_0,10060,Develop flight planning module,Done,11/Nov/24 6:50 PM
Develop user registration and account recovery processes,FMP-7,10065,Task,Done,FMP,FLIGHT MGMT PROJECT,software,Muskan Chauhan,712020:c4a91416-06c8-4734-b4dd-8e3e4488ecd0,,Medium,Done,,,Muskan Chauhan,712020:c4a91416-06c8-4734-b4dd-8e3e4488ecd0,Muskan Chauhan,712020:c4a91416-06c8-4734-b4dd-8e3e4488ecd0,11/Nov/24 6:35 PM,11/Nov/24 6:50 PM,11/Nov/24 7:34 PM,11/Nov/24 6:50 PM,,0,,,Muskan Chauhan,,712020:c4a91416-06c8-4734-b4dd-8e3e4488ecd0,,,,,,,,,,,,,,,,,,,,,purple,,,,,0|i000az:,,,FMP Sprint 1,,,,,,,,,,,10015_*:*_1_*:*_872935_*|*_10017_*:*_1_*:*_0,10059,Set up user authentication mechanism,Done,11/Nov/24 6:50 PM
Create user roles and permissions,FMP-6,10064,Task,Done,FMP,FLIGHT MGMT PROJECT,software,Muskan Chauhan,712020:c4a91416-06c8-4734-b4dd-8e3e4488ecd0,,Medium,Done,,,Muskan Chauhan,712020:c4a91416-06c8-4734-b4dd-8e3e4488ecd0,Muskan Chauhan,712020:c4a91416-06c8-4734-b4dd-8e3e4488ecd0,11/Nov/24 6:35 PM,11/Nov/24 6:50 PM,11/Nov/24 7:34 PM,11/Nov/24 6:50 PM,,0,,,Muskan Chauhan,,712020:c4a91416-06c8-4734-b4dd-8e3e4488ecd0,,,,,,,,,,,,,,,,,,,,,purple,,,,,0|i000ar:,,,FMP Sprint 1,,,,,,,,,,,10015_*:*_1_*:*_899411_*|*_10017_*:*_1_*:*_0,10059,Set up user authentication mechanism,Done,11/Nov/24 6:50 PM
Implement user login and logout functionality,FMP-5,10063,Task,Done,FMP,FLIGHT MGMT PROJECT,software,Muskan Chauhan,712020:c4a91416-06c8-4734-b4dd-8e3e4488ecd0,,Medium,Done,,,Muskan Chauhan,712020:c4a91416-06c8-4734-b4dd-8e3e4488ecd0,Muskan Chauhan,712020:c4a91416-06c8-4734-b4dd-8e3e4488ecd0,11/Nov/24 6:34 PM,11/Nov/24 6:50 PM,11/Nov/24 7:34 PM,11/Nov/24 6:50 PM,,0,,,Muskan Chauhan,,712020:c4a91416-06c8-4734-b4dd-8e3e4488ecd0,,,,,,,,,,,,,,,,,,,,,purple,,,,,0|i000aj:,,,FMP Sprint 1,,,,,,,,,,,10015_*:*_1_*:*_904801_*|*_10017_*:*_1_*:*_0,10059,Set up user authentication mechanism,Done,11/Nov/24 6:50 PM
Build flight scheduling feature,FMP-4,10062,Epic,To Do,FMP,FLIGHT MGMT PROJECT,software,Muskan Chauhan,712020:c4a91416-06c8-4734-b4dd-8e3e4488ecd0,,Medium,,nevil.j,712020:7594f285-a42e-4fa2-b958-6a5a9c886430,Muskan Chauhan,712020:c4a91416-06c8-4734-b4dd-8e3e4488ecd0,Muskan Chauhan,712020:c4a91416-06c8-4734-b4dd-8e3e4488ecd0,11/Nov/24 6:34 PM,11/Nov/24 6:43 PM,11/Nov/24 7:34 PM,,,0,,,Muskan Chauhan,nevil.j,712020:c4a91416-06c8-4734-b4dd-8e3e4488ecd0,712020:7594f285-a42e-4fa2-b958-6a5a9c886430,,,,,,,,,,,,,,,,,,,,purple,,,,,0|i000ab:,,,,11/Nov/24 12:00 AM,,,,,,,,,,,,,To Do,11/Nov/24 6:34 PM
Continue developing flight planning module,FMP-3,10061,Epic,To Do,FMP,FLIGHT MGMT PROJECT,software,Muskan Chauhan,712020:c4a91416-06c8-4734-b4dd-8e3e4488ecd0,,Medium,,Juhil Popat,712020:ced58245-f916-42bf-94b0-8840637a0293,Muskan Chauhan,712020:c4a91416-06c8-4734-b4dd-8e3e4488ecd0,Muskan Chauhan,712020:c4a91416-06c8-4734-b4dd-8e3e4488ecd0,11/Nov/24 6:34 PM,11/Nov/24 6:43 PM,11/Nov/24 7:34 PM,,,0,,,Juhil Popat,Muskan Chauhan,712020:ced58245-f916-42bf-94b0-8840637a0293,712020:c4a91416-06c8-4734-b4dd-8e3e4488ecd0,,,,,,,,,,,,,,,,,,,,purple,,,,,0|i000a3:,,,,06/Nov/24 12:00 AM,,,,,,,,,,,,,To Do,11/Nov/24 6:34 PM
Develop flight planning module,FMP-2,10060,Epic,To Do,FMP,FLIGHT MGMT PROJECT,software,Muskan Chauhan,712020:c4a91416-06c8-4734-b4dd-8e3e4488ecd0,,Medium,,anvi sheth,712020:c82efd40-3aa1-4dd0-8ac9-d84bdca351c3,Muskan Chauhan,712020:c4a91416-06c8-4734-b4dd-8e3e4488ecd0,Muskan Chauhan,712020:c4a91416-06c8-4734-b4dd-8e3e4488ecd0,11/Nov/24 6:34 PM,11/Nov/24 6:43 PM,11/Nov/24 7:34 PM,,,0,,,anvi sheth,Muskan Chauhan,712020:c82efd40-3aa1-4dd0-8ac9-d84bdca351c3,712020:c4a91416-06c8-4734-b4dd-8e3e4488ecd0,,,,,,,,,,,,,,,,,,,,purple,,,,,0|i0009v:,,,,01/Nov/24 12:00 AM,,,,,,,,,,,,,To Do,11/Nov/24 6:34 PM
Set up user authentication mechanism,FMP-1,10059,Epic,To Do,FMP,FLIGHT MGMT PROJECT,software,Muskan Chauhan,712020:c4a91416-06c8-4734-b4dd-8e3e4488ecd0,,Medium,,Muskan Chauhan,712020:c4a91416-06c8-4734-b4dd-8e3e4488ecd0,Muskan Chauhan,712020:c4a91416-06c8-4734-b4dd-8e3e4488ecd0,Muskan Chauhan,712020:c4a91416-06c8-4734-b4dd-8e3e4488ecd0,11/Nov/24 6:34 PM,11/Nov/24 6:42 PM,11/Nov/24 7:34 PM,,,0,,,Muskan Chauhan,,712020:c4a91416-06c8-4734-b4dd-8e3e4488ecd0,,,,,,,,,,,,,,,,,,,,,purple,,,,,0|i0009n:,,,,28/Oct/24 12:00 AM,,,,,,,,,,,,,To Do,11/Nov/24 6:34 PM
